"Isolate","host_species","plate_no","meanCC","seCC","meanGR","seGR","pCC_greater","pCC_less","pGR_greater","pGR_less","ccEffect","grEffect","annotation"
"1,1DF","chlorella","1",322.915928279577,9.25035588820333,0.0514861976583548,0.00062858587628014,0.000505054570032087,0.999494945429968,0.21515065396996,0.78484934603004,"Increased CC","No Significant GR Change","Increased CC
No Significant GR Change"
"100D3","scenedesmus","10",276.936572125004,3.78283416983251,0.0342232967829883,0.000732166167349826,0.00111926960481251,0.998880730395187,0.0599708611074729,0.940029138892527,"Increased CC","No Significant GR Change","Increased CC
No Significant GR Change"
"100DF","monoraphidium","17",1143.07995624768,104.299568760471,0.0117710798871937,0.000382595886802285,0.630393142162927,0.369606857837073,0.215895301479032,0.784104698520968,"No Significant CC Change","No Significant GR Change","No Significant CC Change
No Significant GR Change"
"101D3","scenedesmus","10",1536.00930252058,1342.74203421041,0.0164541441687256,0.018846882942673,0.212905067589598,0.787094932410402,0.741356567100951,0.258643432899049,"No Significant CC Change","No Significant GR Change","No Significant CC Change
No Significant GR Change"
"102D3","scenedesmus","10",262.315662562018,20.0477284021878,0.03407831993419,0.00238681561223512,0.0410420928166628,0.958957907183337,0.180714501107248,0.819285498892752,"Increased CC","No Significant GR Change","Increased CC
No Significant GR Change"
"102DF","monoraphidium","16",1492.39865886705,396.507097534346,0.0105290227111142,0.000908755910700944,0.0793318664446588,0.920668133555341,0.974389432193727,0.0256105678062734,"No Significant CC Change","Decreased GR","No Significant CC Change
Decreased GR"
"103D3","scenedesmus","10",203.170665082651,14.4589834045234,0.0329862698322562,0.00150243900735639,0.523178352637874,0.476821647362126,0.208880459886302,0.791119540113698,"No Significant CC Change","No Significant GR Change","No Significant CC Change
No Significant GR Change"
"103DF","monoraphidium","17",705.450240900117,102.56056146434,0.0194252624776686,0.0028673318969757,0.8746040406266,0.1253959593734,0.0371088726634109,0.962891127336589,"No Significant CC Change","Increased GR","No Significant CC Change
Increased GR"
"104D3","scenedesmus","10",274.407542519388,21.9946959987163,0.0323906097928733,0.0012695190067098,0.0340177954926743,0.965982204507326,0.272033125356653,0.727966874643347,"Increased CC","No Significant GR Change","Increased CC
No Significant GR Change"
"104DF","monoraphidium","17",1801.51247004706,214.462271970396,0.010935722935989,0.00070663091170248,0.168541893046036,0.831458106953964,0.419964381842429,0.580035618157571,"No Significant CC Change","No Significant GR Change","No Significant CC Change
No Significant GR Change"
"106D3","scenedesmus","10",349.042112399032,12.3220273765777,0.0355168335308688,0.000449148755438017,0.000328944114960727,0.999671055885039,0.0241622194937221,0.975837780506278,"Increased CC","Increased GR","Increased CC
Increased GR"
"106DF","monoraphidium","19",727.47046968211,24.1293985308329,0.0182701088418232,0.000914153845506911,0.0273874490740128,0.972612550925987,0.555356587934749,0.444643412065251,"Increased CC","No Significant GR Change","Increased CC
No Significant GR Change"
"107D3","scenedesmus","12",457.146202974429,21.3451097276449,0.0295764054291695,0.00209289522989516,0.0820259583684015,0.917974041631599,0.037228081277391,0.962771918722609,"No Significant CC Change","Increased GR","No Significant CC Change
Increased GR"
"108D3","scenedesmus","12",454.996362681806,10.7088391814797,0.0297016186193763,0.000868384887758049,0.0840277006615667,0.915972299338433,0.00171683614207807,0.998283163857922,"No Significant CC Change","Increased GR","No Significant CC Change
Increased GR"
"108DF","monoraphidium","17",19536.3921122131,17439.7476665133,0.00958863805198501,0.00102223201971392,0.202710725131552,0.797289274868448,0.728903239636192,0.271096760363808,"No Significant CC Change","No Significant GR Change","No Significant CC Change
No Significant GR Change"
"109D3","scenedesmus","12",420.08441071891,6.01580117095306,0.0234542048654455,0.000357688016858762,0.169911435395579,0.830088564604421,0.215723030314581,0.784276969685419,"No Significant CC Change","No Significant GR Change","No Significant CC Change
No Significant GR Change"
"109DF","monoraphidium","16",7418.86497717935,5376.57354679358,0.0090366697478721,0.00056893603918684,0.16785890179254,0.83214109820746,0.995006453292631,0.00499354670736941,"No Significant CC Change","Decreased GR","No Significant CC Change
Decreased GR"
"10DF","chlorella","1",412.70106024481,17.7653749414697,0.0682683479480244,0.00312589821879624,0.00191521918584766,0.998084780814152,0.00439080072834141,0.995609199271659,"Increased CC","Increased GR","Increased CC
Increased GR"
"110D3","scenedesmus","12",442.616959003212,18.48577652625,0.0301987343633859,0.00149085558188897,0.109486378295479,0.890513621704521,0.012625979163234,0.987374020836766,"No Significant CC Change","Increased GR","No Significant CC Change
Increased GR"
"110DF","monoraphidium","20",1367.27194633291,99.3306724403211,0.0102394873987654,0.000530772957983329,0.00519906109364689,0.994800938906353,0.999838393629258,0.000161606370741799,"Increased CC","Decreased GR","Increased CC
Decreased GR"
"111,1DF","monoraphidium","16",1588.78628744329,149.992643663242,0.0116914564053406,0.000138059244557586,0.00471068425971454,0.995289315740285,0.947322343402806,0.0526776565971939,"Increased CC","No Significant GR Change","Increased CC
No Significant GR Change"
"111D3","scenedesmus","12",402.568865127311,11.3433003991645,0.0283988456017963,0.00116624814128774,0.243977106395938,0.756022893604062,0.0115278595748284,0.988472140425172,"No Significant CC Change","Increased GR","No Significant CC Change
Increased GR"
"112,2DF","monoraphidium","19",931.549317467705,79.6567982824729,0.0133105971140521,0.000539049897437353,0.028460574746639,0.971539425253361,0.993731606166373,0.00626839383362706,"Increased CC","Decreased GR","Increased CC
Decreased GR"
"112D3","scenedesmus","12",360.766988102026,6.14892787126396,0.0287780007098044,0.000542147077893125,0.501885595451517,0.498114404548483,0.000393665668385956,0.999606334331614,"No Significant CC Change","Increased GR","No Significant CC Change
Increased GR"
"113,1DF","monoraphidium","19",5029.69278820961,1770.96025835392,0.00919610079541421,0.0015226470573817,0.0657249104992539,0.934275089500746,0.995936981033381,0.00406301896661861,"No Significant CC Change","Decreased GR","No Significant CC Change
Decreased GR"
"113,2DF","monoraphidium","19",861.412841787333,79.9260064289057,0.014457993487869,0.00105010044049401,0.0496963109038445,0.950303689096155,0.97614174084471,0.0238582591552899,"Increased CC","Decreased GR","Increased CC
Decreased GR"
"113,3DF","monoraphidium","19",1222.55897966653,56.3080428128817,0.0229055627249714,0.00991688831529644,0.00175942166177805,0.998240578338222,0.349962789070068,0.650037210929932,"Increased CC","No Significant GR Change","Increased CC
No Significant GR Change"
"113D3","scenedesmus","10",260.306603701875,5.52255268369317,0.0382658557300313,0.000771979968603681,0.00232790747764281,0.997672092522357,0.0044797255880535,0.995520274411946,"Increased CC","Increased GR","Increased CC
Increased GR"
"114DF","monoraphidium","19",901.009228400383,245.221768656227,0.0145333796715941,0.00133303735311598,0.200113597534475,0.799886402465525,0.959914055367966,0.0400859446320342,"No Significant CC Change","Decreased GR","No Significant CC Change
Decreased GR"
"115D3","scenedesmus","10",274.946462679341,6.44053389323703,0.0358984796876289,0.00123725354144742,0.000884228571063048,0.999115771428937,0.0264640407152343,0.973535959284766,"Increased CC","Increased GR","Increased CC
Increased GR"
"115DF","monoraphidium","16",10996.6518042662,2965.01416098519,0.0104474248297174,0.000418697861035903,0.0364532669451071,0.963546733054893,0.983812362137829,0.0161876378621709,"Increased CC","Decreased GR","Increased CC
Decreased GR"
"116D3","scenedesmus","12",408.364761871374,15.3327864284923,0.0289122756286198,0.000544300122832327,0.219368234477132,0.780631765522868,0.000359136214094074,0.999640863785906,"No Significant CC Change","Increased GR","No Significant CC Change
Increased GR"
"116DF","monoraphidium","16",887.828206957168,116.071321095959,0.0126079508925476,0.000672561284867265,0.160634195556882,0.839365804443118,0.849071276528347,0.150928723471653,"No Significant CC Change","No Significant GR Change","No Significant CC Change
No Significant GR Change"
"117,1DF","monoraphidium","17",3371.16676166125,388.370809633646,0.00886959868053696,0.000257611033780734,0.00763612791274092,0.992363872087259,0.876208909586317,0.123791090413683,"Increased CC","No Significant GR Change","Increased CC
No Significant GR Change"
"117D3","scenedesmus","10",245.294624542158,3.20366655886927,0.0346348710928528,0.000557402703698166,0.00874099566839035,0.99125900433161,0.0428957112313,0.9571042887687,"Increased CC","Increased GR","Increased CC
Increased GR"
"117DF","monoraphidium","16",1186.75811098762,150.14126898287,0.013132327668609,0.000814705076035778,0.0340045018022998,0.9659954981977,0.736518049860557,0.263481950139443,"Increased CC","No Significant GR Change","Increased CC
No Significant GR Change"
"118D3","scenedesmus","11",306.958235249992,19.3686032415486,0.0275811009090125,0.000782624641507102,0.100516838135351,0.899483161864649,0.163837404818543,0.836162595181457,"No Significant CC Change","No Significant GR Change","No Significant CC Change
No Significant GR Change"
"118DF","monoraphidium","16",988.065599088842,97.2618079774539,0.0119166920722072,0.000610525714762428,0.0800321841371183,0.919967815862882,0.929309111362422,0.0706908886375778,"No Significant CC Change","No Significant GR Change","No Significant CC Change
No Significant GR Change"
"119D3","scenedesmus","11",343.346599009143,74.5686457288279,0.0366401070429417,0.00395782792638075,0.18946916640657,0.81053083359343,0.025845839436338,0.974154160563662,"No Significant CC Change","Increased GR","No Significant CC Change
Increased GR"
"119DF","monoraphidium","19",85.9808802774222,3.77161807608341,0.0388756757441642,0.00723284532713037,0.999930527324835,6.94726751649017e-05,0.0514096451273214,0.948590354872679,"Decreased CC","No Significant GR Change","Decreased CC
No Significant GR Change"
"11DF","chlorella","1",440.117153044865,14.7078904210163,0.062993292038233,0.0067691810430224,0.000547401094935033,0.999452598905065,0.0873088351641978,0.912691164835802,"Increased CC","No Significant GR Change","Increased CC
No Significant GR Change"
"12,1DF","chlorella","1",273.378663733611,10.1599673282396,0.0544775219464538,0.00145568063442583,0.00955374212070713,0.990446257879293,0.0584079553454873,0.941592044654513,"Increased CC","No Significant GR Change","Increased CC
No Significant GR Change"
"120D3","scenedesmus","11",312.726845642793,5.88754186628171,0.0254560512832208,0.000156634719070027,0.00121957794742065,0.998780422052579,0.998248622799803,0.00175137720019672,"Increased CC","Decreased GR","Increased CC
Decreased GR"
"121D3","scenedesmus","12",402.465447957403,24.6246224759344,0.029959227306268,0.00236049766596962,0.255001329698445,0.744998670301555,0.0432021796659501,0.95679782033405,"No Significant CC Change","Increased GR","No Significant CC Change
Increased GR"
"122D3","scenedesmus","11",256.112369093477,3.14163042580975,0.0289209606940393,0.000612147692071178,0.985703200127291,0.0142967998727093,0.0223259796487822,0.977674020351218,"Decreased CC","Increased GR","Decreased CC
Increased GR"
"122DF","selenastrum","25",2820.10183251942,1470.47351125896,0.00971278036007389,0.000284791955958266,0.122894093868687,0.877105906131313,0.999999975931979,2.40680211256142e-08,"No Significant CC Change","Decreased GR","No Significant CC Change
Decreased GR"
"123D3","scenedesmus","11",374.909754643904,11.959345468278,0.0301815144010342,0.000600955583166537,0.00273588306429162,0.997264116935708,0.00725254695443152,0.992747453045568,"Increased CC","Increased GR","Increased CC
Increased GR"
"123DF","selenastrum","23",12276.5840937919,7907.6862648781,0.0132317334588168,0.00191672995657949,0.13909454343289,0.86090545656711,0.918802078448316,0.0811979215516839,"No Significant CC Change","No Significant GR Change","No Significant CC Change
No Significant GR Change"
"124,1DF","selenastrum","25",478.396043694829,38.7773923976785,0.0210079721165124,0.00119859647484433,0.175714429924442,0.824285570075558,0.777165067048435,0.222834932951565,"No Significant CC Change","No Significant GR Change","No Significant CC Change
No Significant GR Change"
"124,2DF","selenastrum","22",473.893555323062,1.71360348988953,0.027962852443886,0.000913828327870274,0.00192009551033438,0.998079904489666,0.781525364877831,0.218474635122169,"Increased CC","No Significant GR Change","Increased CC
No Significant GR Change"
"124,3DF","selenastrum","23",492.385976415739,17.8435604744002,0.0224594652040014,0.000519300888086925,0.898663405342624,0.101336594657376,0.0185536945792295,0.98144630542077,"No Significant CC Change","Increased GR","No Significant CC Change
Increased GR"
"124,4DF","selenastrum","22",362.932856866368,7.28667889950999,0.0261427640076382,0.00120736708724512,0.0702527097006201,0.92974729029938,0.910603065392278,0.0893969346077223,"No Significant CC Change","No Significant GR Change","No Significant CC Change
No Significant GR Change"
"124D3","scenedesmus","11",360.42022260546,7.64478473636019,0.0336317517193929,0.00115526625793713,1.68514628216043e-06,0.999998314853718,0.000685317426844239,0.999314682573156,"Increased CC","Increased GR","Increased CC
Increased GR"
"125D3","scenedesmus","12",370.001363344302,21.8629257527496,0.0293070727380504,0.00257236579472896,0.440783234666032,0.559216765333968,0.0609008672989276,0.939099132701072,"No Significant CC Change","No Significant GR Change","No Significant CC Change
No Significant GR Change"
"125DF","selenastrum","21",418.407685915711,60.6497762237809,0.0144117517653799,0.000456015584376883,0.55004538821132,0.44995461178868,0.999744149501638,0.000255850498362245,"No Significant CC Change","Decreased GR","No Significant CC Change
Decreased GR"
"126D3","scenedesmus","12",410.509155154144,49.0192605691234,0.0255098690770426,0.00104028582143757,0.260185909039381,0.739814090960619,0.0525051755854114,0.947494824414589,"No Significant CC Change","No Significant GR Change","No Significant CC Change
No Significant GR Change"
"126DF","selenastrum","25",675.241028486967,118.858275574853,0.0185028200620183,0.00127253275213287,0.0876025628609511,0.912397437139049,0.964777124266643,0.0352228757333571,"No Significant CC Change","Decreased GR","No Significant CC Change
Decreased GR"
"127,1D3","scenedesmus","13",375.75079668491,8.98060021307967,0.0242649915655029,0.000993889813293237,0.999935004688379,6.49953116206949e-05,0.0187068990723636,0.981293100927636,"Decreased CC","Increased GR","Decreased CC
Increased GR"
"127.1D3","scenedesmus","11",272.7095233584,12.2650318724827,0.0282091041603475,0.00050771015341815,0.461282470565169,0.538717529434831,0.030902812758462,0.969097187241538,"No Significant CC Change","Increased GR","No Significant CC Change
Increased GR"
"127D3","scenedesmus","12",369.360266263515,34.9157693637028,0.0276477200785989,0.000549036872357302,0.44983811167052,0.550161888329481,0.00105752147770737,0.998942478522293,"No Significant CC Change","Increased GR","No Significant CC Change
Increased GR"
"127DF","selenastrum","21",2311.18190321187,1143.25680536958,0.0130436010649223,0.00325139159775832,0.120559469339078,0.879440530660922,0.963023453980746,0.0369765460192542,"No Significant CC Change","Decreased GR","No Significant CC Change
Decreased GR"
"128,1DF","selenastrum","22",455.027621467152,21.0162865496895,0.0180969264735458,0.000517092644741304,0.00379520812275203,0.996204791877248,0.996032180089985,0.00396781991001486,"Increased CC","Decreased GR","Increased CC
Decreased GR"
"128DF","selenastrum","21",5297.75586462068,4795.46748460516,0.0164365446863731,0.00248813262129722,0.208335131128471,0.791664868871529,0.95575034504111,0.0442496549588896,"No Significant CC Change","Decreased GR","No Significant CC Change
Decreased GR"
"129DF","selenastrum","22",393.422080657962,2.9195757390072,0.0234804497679002,0.000845907292546765,0.0169325361721598,0.98306746382784,0.97797568372842,0.02202431627158,"Increased CC","Decreased GR","Increased CC
Decreased GR"
"12D3","chlorella","3",390.260765498317,3.40667408237549,0.0626221875134556,0.000685079166622099,4.16450258672945e-07,0.999999583549741,0.00896179125476604,0.991038208745234,"Increased CC","Increased GR","Increased CC
Increased GR"
"12DF","chlorella","1",385.455058031131,3.59193535767103,0.0586593757073932,0.00810780652511667,8.89923646451076e-06,0.999991100763535,0.187289090248015,0.812710909751985,"Increased CC","No Significant GR Change","Increased CC
No Significant GR Change"
"130D3","scenedesmus","11",289.221679049421,5.65747042729484,0.0263123750031494,0.000288310988830653,0.0293521233745452,0.970647876625455,0.741500269125217,0.258499730874783,"Increased CC","No Significant GR Change","Increased CC
No Significant GR Change"
"130DF","selenastrum","21",84787.8791930394,84231.4118295022,0.0116999894723479,0.00167431813968121,0.211029752012692,0.788970247987308,0.996356535819439,0.00364346418056082,"No Significant CC Change","Decreased GR","No Significant CC Change
Decreased GR"
"131,1D3","scenedesmus","12",491.46897170851,28.236431611329,0.0247557577282078,0.00143159520159124,0.0427720584381002,0.9572279415619,0.15754299803777,0.84245700196223,"Increased CC","No Significant GR Change","Increased CC
No Significant GR Change"
"131D3","scenedesmus","11",344.5832928097,13.7720540240253,0.0306444008580742,0.000574193244455168,0.0110449863963682,0.988955013603632,0.00441869059461448,0.995581309405386,"Increased CC","Increased GR","Increased CC
Increased GR"
"131DF","selenastrum","24",651.785192156913,218.619546454533,0.00656621161269566,0.000480693926483572,0.202231721552018,0.797768278447982,0.945914663404721,0.0540853365952788,"No Significant CC Change","No Significant GR Change","No Significant CC Change
No Significant GR Change"
"132,1D3","scenedesmus","12",406.830070650417,36.6281648729133,0.0289644426199457,0.00112969426152023,0.252315947815845,0.747684052184155,0.00784816314066159,0.992151836859338,"No Significant CC Change","Increased GR","No Significant CC Change
Increased GR"
"132,1DF","selenastrum","25",119.119578298567,42.5202846542687,0.00889079488952076,0.00139887433577172,0.994344154462945,0.00565584553705462,0.999141809952484,0.00085819004751605,"Decreased CC","Decreased GR","Decreased CC
Decreased GR"
"132D3","scenedesmus","12",392.31427800317,37.0485905933152,0.0263886038507709,0.00129920827180311,0.322739693415497,0.677260306584503,0.0468687922690262,0.953131207730974,"No Significant CC Change","Increased GR","No Significant CC Change
Increased GR"
"132DF","selenastrum","24",705.840560100648,94.1456109147065,0.0146939392620112,0.0007412942855755,0.0378487881419923,0.962151211858008,0.8731342792637,0.1268657207363,"Increased CC","No Significant GR Change","Increased CC
No Significant GR Change"
"133D3","scenedesmus","13",550.18899136683,69.3894323843589,0.0246119172595009,0.00209960633708903,0.219400406960004,0.780599593039996,0.0756938977484559,0.924306102251544,"No Significant CC Change","No Significant GR Change","No Significant CC Change
No Significant GR Change"
"133DF","selenastrum","25",482.073063723718,26.0845415563425,0.0235417451855871,0.00255555231712179,0.0895806346140889,0.910419365385911,0.335198222402015,0.664801777597985,"No Significant CC Change","No Significant GR Change","No Significant CC Change
No Significant GR Change"
"134D3","scenedesmus","13",554.628738570722,73.1986806674593,0.020850018835064,0.0014062198380575,0.217210583732241,0.782789416267759,0.287269872026908,0.712730127973092,"No Significant CC Change","No Significant GR Change","No Significant CC Change
No Significant GR Change"
"134DF","selenastrum","23",429.900192666844,21.6489702991261,0.0237340141398162,0.000877892597442331,0.95679533058205,0.0432046694179501,0.00853360038614997,0.99146639961385,"Decreased CC","Increased GR","Decreased CC
Increased GR"
"135D3","scenedesmus","13",485.613821793903,33.2668550802733,0.0238728518387534,0.00163818644194117,0.478578560967434,0.521421439032566,0.0658097787835606,0.934190221216439,"No Significant CC Change","No Significant GR Change","No Significant CC Change
No Significant GR Change"
"135DF","selenastrum","21",870.8840166594,186.316320466461,0.0153426811316761,0.000918513900865212,0.0695947230633108,0.930405276936689,0.999192559984817,0.000807440015182535,"No Significant CC Change","Decreased GR","No Significant CC Change
Decreased GR"
"136,1DF","selenastrum","21",549.867696877181,17.8468127400519,0.0190612566814555,0.000897965807763571,0.00242622962924585,0.997573770370754,0.991621730773121,0.00837826922687892,"Increased CC","Decreased GR","Increased CC
Decreased GR"
"136D3","scenedesmus","14",552.964876759565,27.1429674288695,0.0320264287570342,0.000386762128218277,0.958739202326254,0.0412607976737464,0.000173979611917747,0.999826020388082,"Decreased CC","Increased GR","Decreased CC
Increased GR"
"136DF","selenastrum","21",488.428597416774,24.4599637075675,0.0255075558937715,0.00170109332879203,0.0556231171287463,0.944376882871254,0.196385141596385,0.803614858403615,"No Significant CC Change","No Significant GR Change","No Significant CC Change
No Significant GR Change"
"137D3","scenedesmus","13",453.172941677457,42.5966427372929,0.0205455040152005,0.000968451266371701,0.722468315628741,0.277531684371259,0.292251333214496,0.707748666785504,"No Significant CC Change","No Significant GR Change","No Significant CC Change
No Significant GR Change"
"137DF","selenastrum","23",534.151528975092,37.3096745809178,0.0205281535036821,0.000437813434498089,0.804217957273634,0.195782042726366,0.0620091180987408,0.937990881901259,"No Significant CC Change","No Significant GR Change","No Significant CC Change
No Significant GR Change"
"138DF","selenastrum","21",491.868682421708,14.9336873746652,0.0178891208476111,0.000294190687024882,0.0162125163816627,0.983787483618337,0.997559348326463,0.00244065167353714,"Increased CC","Decreased GR","Increased CC
Decreased GR"
"139D3","scenedesmus","13",371.076979937837,6.48063771638427,0.0237227464408325,0.000815980002646959,0.999980434619726,1.95653802742746e-05,0.0144499406203663,0.985550059379634,"Decreased CC","Increased GR","Decreased CC
Increased GR"
"139DF","selenastrum","25",553.984821061986,21.4029056608526,0.0217684123867357,0.00040839815543997,0.00460698983803612,0.995393010161964,0.686254023798135,0.313745976201865,"Increased CC","No Significant GR Change","Increased CC
No Significant GR Change"
"13D3","chlorella","3",195.974666428433,11.8091579446486,0.0367398197034582,0.00311424372135232,0.967941824179108,0.0320581758208923,0.993996306991253,0.0060036930087473,"Decreased CC","Decreased GR","Decreased CC
Decreased GR"
"13DF","chlorella","1",451.064663257941,20.6968742892683,0.0305187554573104,0.000996916212244076,0.00216677757045592,0.997833222429544,0.999361574586134,0.000638425413866547,"Increased CC","Decreased GR","Increased CC
Decreased GR"
"140,1DF","selenastrum","24",478.169978433329,42.3284609389799,0.0180604509533096,0.0017318979205948,0.276095744898576,0.723904255101424,0.814116637913819,0.185883362086181,"No Significant CC Change","No Significant GR Change","No Significant CC Change
No Significant GR Change"
"140DF","selenastrum","22",462.118294763848,7.26518171062491,0.0277977716830453,0.00122963814879364,0.00132762364480603,0.998672376355194,0.788278566684365,0.211721433315635,"Increased CC","No Significant GR Change","Increased CC
No Significant GR Change"
"141,1DF","selenastrum","21",493.408248037527,13.0035996397119,0.0223862836313755,0.000109604277153141,0.0118574441849431,0.988142555815057,0.868909561367149,0.131090438632851,"Increased CC","No Significant GR Change","Increased CC
No Significant GR Change"
"141D3","scenedesmus","13",384.790797620177,5.89889455006799,0.0212261829372578,8.81451031542507e-05,0.999953722560893,4.62774391074042e-05,0.00283785435771799,0.997162145642282,"Decreased CC","Increased GR","Decreased CC
Increased GR"
"142,1DF","selenastrum","24",900.327843960079,421.876650669956,0.019961488831744,0.00330342951681263,0.186414335094175,0.813585664905825,0.765524365673649,0.234475634326351,"No Significant CC Change","No Significant GR Change","No Significant CC Change
No Significant GR Change"
"142D3","scenedesmus","13",365.312979694045,29.5718118554367,0.0228055684878988,0.000598102140671445,0.979631595998489,0.0203684040015112,0.0101664249246372,0.989833575075363,"Decreased CC","Increased GR","Decreased CC
Increased GR"
"142DF","selenastrum","22",785.93575255943,123.01337386753,0.0148769588619668,0.000460435375337715,0.030889965001699,0.969110034998301,0.998038155277754,0.00196184472224556,"Increased CC","Decreased GR","Increased CC
Decreased GR"
"143,1DF","selenastrum","21",490.970488527229,19.595317328001,0.019144985453076,0.00047013872259601,0.0306098186394609,0.969390181360539,0.995505445785529,0.00449455421447103,"Increased CC","Decreased GR","Increased CC
Decreased GR"
"143D3","scenedesmus","13",935.361246950452,527.789422319805,0.0222490844291579,0.000775285788621554,0.241078570830386,0.758921429169614,0.0382580201028722,0.961741979897128,"No Significant CC Change","Increased GR","No Significant CC Change
Increased GR"
"143DF","selenastrum","25",3546.48531816649,1537.94666993278,0.0130895447174354,0.0021682187438157,0.0900413081995934,0.909958691800407,0.981894183590185,0.0181058164098148,"No Significant CC Change","Decreased GR","No Significant CC Change
Decreased GR"
"144,1DF","selenastrum","22",1818.60119371914,331.694433930209,0.0109744800758198,0.000159702225007976,0.0228183522890841,0.977181647710916,0.998751603551645,0.00124839644835526,"Increased CC","Decreased GR","Increased CC
Decreased GR"
"145DF","selenastrum","25",791.850216341812,20.9336801437109,0.0179917923567811,0.000412379256557366,6.88410081111062e-05,0.999931158991889,0.999495968730868,0.000504031269131897,"Increased CC","Decreased GR","Increased CC
Decreased GR"
"146D3","scenedesmus","13",1037.40768770183,636.001218794076,0.0226999408230959,0.000382184483244289,0.237824601593408,0.762175398406592,0.00126939117816579,0.998730608821834,"No Significant CC Change","Increased GR","No Significant CC Change
Increased GR"
"146DF","selenastrum","24",492.527106986775,27.5472340956392,0.0219494248320924,0.00245576542289164,0.221758962688001,0.778241037311999,0.713759987537805,0.286240012462195,"No Significant CC Change","No Significant GR Change","No Significant CC Change
No Significant GR Change"
"147D3","scenedesmus","13",502.012126417871,60.7674150204529,0.021655105821147,0.00116604551407349,0.395828553158808,0.604171446841192,0.134559811925218,0.865440188074782,"No Significant CC Change","No Significant GR Change","No Significant CC Change
No Significant GR Change"
"147DF","selenastrum","24",424.328935314564,23.0341690601048,0.0189769027946356,0.000825878571327291,0.480392411415253,0.519607588584747,0.795182252456099,0.204817747543901,"No Significant CC Change","No Significant GR Change","No Significant CC Change
No Significant GR Change"
"148D3","scenedesmus","14",558.838314705716,17.6519285907894,0.0349093877841272,0.000991186774420583,0.983996146689548,0.0160038533104515,0.00236706352780158,0.997632936472198,"Decreased CC","Increased GR","Decreased CC
Increased GR"
"148DF","selenastrum","23",1297.73521504088,154.714550465225,0.0138820318836507,0.000238655231713051,0.0147841329741349,0.985215867025865,0.948762231124691,0.0512377688753086,"Increased CC","No Significant GR Change","Increased CC
No Significant GR Change"
"149D3","scenedesmus","13",1021.01859727886,346.404492188241,0.022476087101143,0.00240119413311986,0.13041418919568,0.86958581080432,0.1983515693369,0.8016484306631,"No Significant CC Change","No Significant GR Change","No Significant CC Change
No Significant GR Change"
"149DF","selenastrum","23",537.277824557903,82.2064095422669,0.0153367109719997,0.000677972907813854,0.737148722430171,0.262851277569829,0.857095324253839,0.142904675746161,"No Significant CC Change","No Significant GR Change","No Significant CC Change
No Significant GR Change"
"14D3","chlorella","3",183.969671732774,6.08901529283314,0.045246766917865,0.00113205359100649,0.998489067830519,0.00151093216948139,0.994617475109991,0.00538252489000875,"Decreased CC","Decreased GR","Decreased CC
Decreased GR"
"150,1DF","selenastrum","21",474.109440205369,22.9290755046765,0.019649461492536,0.000954030333445088,0.0860606590299558,0.913939340970044,0.98415992732152,0.0158400726784795,"No Significant CC Change","Decreased GR","No Significant CC Change
Decreased GR"
"150D3","scenedesmus","13",459.67488565913,9.51127808537015,0.0239388412495291,0.00104696398895175,0.917673927564334,0.0823260724356661,0.0252576125433713,0.974742387456629,"No Significant CC Change","Increased GR","No Significant CC Change
Increased GR"
"150DF","selenastrum","25",963.696536621983,101.96371815238,0.0144107869912647,0.000344786483752319,0.0163775473687669,0.983622452631233,0.999997754339512,2.24566048756571e-06,"Increased CC","Decreased GR","Increased CC
Decreased GR"
"151D3","scenedesmus","13",515.126320866937,41.8050363004249,0.0223798571936912,0.00198362957696171,0.266709056498275,0.733290943501725,0.169065551745003,0.830934448254997,"No Significant CC Change","No Significant GR Change","No Significant CC Change
No Significant GR Change"
"151DF","selenastrum","24",1165.53058017401,44.2880936061141,0.0140203949700889,0.000496698866039421,0.000372920950964232,0.999627079049036,0.882262739372275,0.117737260627725,"Increased CC","No Significant GR Change","Increased CC
No Significant GR Change"
"152D3","scenedesmus","13",554.382754830187,20.6873261214128,0.021253504131052,0.000507086449685274,0.0248525193236229,0.975147480676377,0.0465882642375069,0.953411735762493,"Increased CC","Increased GR","Increased CC
Increased GR"
"152DF","selenastrum","22",529.260150990871,46.1682520779779,0.0162482518097013,0.00173810403360562,0.0168678844589268,0.983132115541073,0.998112827413354,0.00188717258664561,"Increased CC","Decreased GR","Increased CC
Decreased GR"
"153D3","scenedesmus","13",1354.58800163136,393.886562895463,0.0223592293607183,0.00144673919379974,0.0787040530850159,0.921295946914984,0.114195762531398,0.885804237468602,"No Significant CC Change","No Significant GR Change","No Significant CC Change
No Significant GR Change"
"153DF","selenastrum","22",432.828426206928,33.2767284859918,0.031605881599503,0.00713169804804119,0.0314189100703672,0.968581089929633,0.417152015595978,0.582847984404022,"Increased CC","No Significant GR Change","Increased CC
No Significant GR Change"
"154D3","scenedesmus","14",539.4133703224,20.0725546107481,0.0318772789173144,0.000816004445270097,0.987881425256187,0.0121185747438129,0.00310696028045913,0.996893039719541,"Decreased CC","Increased GR","Decreased CC
Increased GR"
"155D3","scenedesmus","14",604.776479493504,11.7417551593765,0.0305296482363882,0.00150804332645385,0.911620360242074,0.0883796397579255,0.0351742163790412,0.964825783620959,"No Significant CC Change","Increased GR","No Significant CC Change
Increased GR"
"156D3","monoraphidium","17",90946.2830187241,14327.3317803914,0.00779944994352576,0.000136143140545104,0.0122610031729347,0.987738996827065,0.948269680240002,0.0517303197599979,"Increased CC","No Significant GR Change","Increased CC
No Significant GR Change"
"157D3","monoraphidium","19",601.397138761469,58.3195083966326,0.028458051902194,0.00178492130532598,0.710276873574499,0.289723126425501,0.00618779990763213,0.993812200092368,"No Significant CC Change","Increased GR","No Significant CC Change
Increased GR"
"158D3","monoraphidium","17",2503.43818711032,693.804305374435,0.00939644709535171,0.000408666411365849,0.111145812827726,0.888854187172274,0.800797868165841,0.199202131834159,"No Significant CC Change","No Significant GR Change","No Significant CC Change
No Significant GR Change"
"159,1D3","monoraphidium","16",898.419635933621,68.2602109528803,0.0124098755262334,0.000621975588028119,0.132438279340738,0.867561720659262,0.880403687287631,0.119596312712369,"No Significant CC Change","No Significant GR Change","No Significant CC Change
No Significant GR Change"
"15DF","chlorella","2",348.331930774075,17.694194950074,0.0677816664398652,0.00382223017103153,0.0146852935411911,0.985314706458809,0.0599413224273862,0.940058677572614,"Increased CC","No Significant GR Change","Increased CC
No Significant GR Change"
"160D3","monoraphidium","17",18586.4697457951,16122.8655370293,0.00817693574250991,0.000622644816745134,0.197904297629029,0.802095702370971,0.928140131269011,0.0718598687309894,"No Significant CC Change","No Significant GR Change","No Significant CC Change
No Significant GR Change"
"161D3","monoraphidium","17",986.951418357055,123.663529121355,0.0113957423361823,0.000756986621695329,0.7411400951785,0.2588599048215,0.31044343866364,0.68955656133636,"No Significant CC Change","No Significant GR Change","No Significant CC Change
No Significant GR Change"
"162D3","monoraphidium","16",685.797567215093,89.4890500706826,0.0138699183237165,0.000647820085823685,0.453300109454519,0.546699890545481,0.546504250158528,0.453495749841472,"No Significant CC Change","No Significant GR Change","No Significant CC Change
No Significant GR Change"
"163D3","monoraphidium","19",814.122099852925,44.1677145606953,0.0155378376322746,0.000732940574745436,0.018766064359775,0.981233935640225,0.959573109666263,0.0404268903337372,"Increased CC","Decreased GR","Increased CC
Decreased GR"
"165D3","monoraphidium","20",857.338689275161,213.911967822105,0.0197809481702113,0.00684061675606552,0.269525583619408,0.730474416380592,0.285339671521517,0.714660328478483,"No Significant CC Change","No Significant GR Change","No Significant CC Change
No Significant GR Change"
"167D3","monoraphidium","17",2213.87775368696,454.5193658969,0.00955221690419657,0.0009036311645139,0.100916756036556,0.899083243963444,0.744833645074945,0.255166354925055,"No Significant CC Change","No Significant GR Change","No Significant CC Change
No Significant GR Change"
"168D3","monoraphidium","19",1086.087458967,86.5769661245495,0.0252497807462177,0.00993965561194303,0.0141537885426282,0.985846211457372,0.283434069421929,0.716565930578071,"Increased CC","No Significant GR Change","Increased CC
No Significant GR Change"
"169D3","monoraphidium","17",2077.61207974537,490.297745618053,0.00947423433942879,0.000686039375522395,0.143006309670342,0.856993690329658,0.774312019483866,0.225687980516134,"No Significant CC Change","No Significant GR Change","No Significant CC Change
No Significant GR Change"
"16DF","chlorella","2",411.855256561155,11.989914333488,0.0553726563120093,0.00129464227754969,0.000342647208551155,0.999657352791449,0.907520981193659,0.0924790188063413,"Increased CC","No Significant GR Change","Increased CC
No Significant GR Change"
"170D3","monoraphidium","20",998.932074601579,61.7723674616127,0.0131770967140789,0.000474991614968593,0.00124302078394533,0.998756979216055,0.994212629525846,0.00578737047415361,"Increased CC","Decreased GR","Increased CC
Decreased GR"
"171D3","monoraphidium","19",1138.84319191549,60.3626348474344,0.0138676591702632,0.000912720004615119,0.00351411180445553,0.996485888195545,0.988000744969277,0.0119992550307231,"Increased CC","Decreased GR","Increased CC
Decreased GR"
"173D3","monoraphidium","20",680.831337130822,126.100414491853,0.0178382777562618,0.00306580300909514,0.549843774937175,0.450156225062825,0.239053576132163,0.760946423867837,"No Significant CC Change","No Significant GR Change","No Significant CC Change
No Significant GR Change"
"174D3","monoraphidium","16",1655.92841266614,99.271044580532,0.0118858191412521,0.000490700088744839,0.0023984784654548,0.997601521534545,0.935689078881186,0.0643109211188139,"Increased CC","No Significant GR Change","Increased CC
No Significant GR Change"
"176D3","monoraphidium","20",694.594541082819,46.8686635351443,0.0207371598274945,0.00206090437663376,0.528184092183869,0.471815907816131,0.0530935804797536,0.946906419520246,"No Significant CC Change","No Significant GR Change","No Significant CC Change
No Significant GR Change"
"179D3","monoraphidium","16",1361.94012338122,250.647682404911,0.0103371624321527,0.00104018247044047,0.0432569096983232,0.956743090301677,0.972480015859928,0.0275199841400718,"Increased CC","Decreased GR","Increased CC
Decreased GR"
"17D3","chlorella","3",455.585635652115,9.07859728258127,0.071814248676795,0.00161178673568286,0.000183800020511445,0.999816199979489,0.000473003424075881,0.999526996575924,"Increased CC","Increased GR","Increased CC
Increased GR"
"17DF","chlorella","2",375.812512532761,40.7473910697476,0.0530375423681243,0.00144811087682162,0.0587062393812978,0.941293760618702,0.974561923364468,0.0254380766355322,"No Significant CC Change","Decreased GR","No Significant CC Change
Decreased GR"
"180D3","monoraphidium","20",1741.8757236852,859.551489712955,0.0106063023370187,0.00175607357250038,0.174456579853975,0.825543420146025,0.944644969273353,0.0553550307266475,"No Significant CC Change","No Significant GR Change","No Significant CC Change
No Significant GR Change"
"181D3","monoraphidium","17",591.280702113002,55.2852234106824,0.0148762354051465,0.00114178540091243,0.906488367718226,0.093511632281774,0.0266380103431138,0.973361989656886,"No Significant CC Change","Increased GR","No Significant CC Change
Increased GR"
"182D3","monoraphidium","17",699.757200266071,16.0729236448402,0.0128053984438466,0.000313788149969203,0.877348322298118,0.122651677701882,0.0872416473615795,0.91275835263842,"No Significant CC Change","No Significant GR Change","No Significant CC Change
No Significant GR Change"
"183,1D3","monoraphidium","19",1001.01792140065,101.304452620534,0.0150078051821366,0.000485380421664775,0.0318171340896425,0.968182865910358,0.977067201450476,0.0229327985495244,"Increased CC","Decreased GR","Increased CC
Decreased GR"
"184D3","monoraphidium","19",839.972161941263,89.481787367447,0.0151309267053833,0.000948091366112272,0.0741747081880958,0.925825291811904,0.96453811290704,0.0354618870929602,"No Significant CC Change","Decreased GR","No Significant CC Change
Decreased GR"
"185D3","monoraphidium","16",1345.61376368943,111.669293062164,0.0109672273860833,0.000283541578624504,0.0103866837538078,0.989613316246192,0.973311815042866,0.0266881849571335,"Increased CC","Decreased GR","Increased CC
Decreased GR"
"186D3","monoraphidium","19",1048.63608500829,63.6005625574411,0.0176157793855906,0.000688186317807813,0.00699620153451378,0.993003798465486,0.729921127509308,0.270078872490692,"Increased CC","No Significant GR Change","Increased CC
No Significant GR Change"
"187D3","monoraphidium","16",22332.1485068999,19406.4106411118,0.00860734910557132,0.000695448739414082,0.190150382523525,0.809849617476475,0.996215099787165,0.00378490021283443,"No Significant CC Change","Decreased GR","No Significant CC Change
Decreased GR"
"189D3","monoraphidium","16",699.513117966712,53.8956447105629,0.0152282753780825,0.00169264542171673,0.421963777568555,0.578036222431445,0.289359765911183,0.710640234088817,"No Significant CC Change","No Significant GR Change","No Significant CC Change
No Significant GR Change"
"18D3","chlorella","4",238.563992281318,2.5371071245399,0.0767884134569742,0.00457416093349266,0.00505743952641876,0.994942560473581,0.0601827555629594,0.939817244437041,"Increased CC","No Significant GR Change","Increased CC
No Significant GR Change"
"18DF","chlorella","2",558.002878040093,12.6446132155287,0.0541473237122079,0.00120239238744004,3.16337407521515e-05,0.999968366259248,0.961248002222243,0.0387519977777568,"Increased CC","Decreased GR","Increased CC
Decreased GR"
"190D3","monoraphidium","16",1031.86447150085,95.4326407736524,0.0115849377796544,0.00042132170379656,0.0601541188012053,0.939845881198795,0.953594721555575,0.046405278444425,"No Significant CC Change","Decreased GR","No Significant CC Change
Decreased GR"
"191D3","monoraphidium","16",849.802970604193,34.3541997335287,0.0129401831787556,0.000594955815418206,0.174605252496692,0.825394747503308,0.797020271965284,0.202979728034716,"No Significant CC Change","No Significant GR Change","No Significant CC Change
No Significant GR Change"
"192D3","monoraphidium","17",2015.64291201042,336.863923012145,0.0110158769084127,0.00102923695840238,0.118528577230439,0.881471422769561,0.410276842780487,0.589723157219513,"No Significant CC Change","No Significant GR Change","No Significant CC Change
No Significant GR Change"
"194D3","monoraphidium","16",1272.46138254337,60.5973305531135,0.0126271045995814,0.000382758713576823,0.0150546392295109,0.984945360770489,0.863243306601098,0.136756693398902,"Increased CC","No Significant GR Change","Increased CC
No Significant GR Change"
"197D3","monoraphidium","19",862.5399622901,41.0875345772656,0.0163810350304978,0.000409894424638095,0.00726840442073081,0.992731595579269,0.921693007825918,0.0783069921740815,"Increased CC","No Significant GR Change","Increased CC
No Significant GR Change"
"198D3","monoraphidium","17",1051.00839468931,64.5444414868428,0.011778403153432,0.000522722346344932,0.701797385607738,0.298202614392262,0.219563520199654,0.780436479800346,"No Significant CC Change","No Significant GR Change","No Significant CC Change
No Significant GR Change"
"199,1D3","monoraphidium","19",707.997289893944,24.8732740984521,0.0153375863280252,0.000832406993732429,0.0575482736611916,0.942451726338808,0.963023886795702,0.0369761132042983,"No Significant CC Change","Decreased GR","No Significant CC Change
Decreased GR"
"19DF","chlorella","2",376.382292749255,26.1025510460441,0.0380503576339099,0.00147989145460491,0.0219166576681146,0.978083342331885,0.99987789913768,0.000122100862320179,"Increased CC","Decreased GR","Increased CC
Decreased GR"
"1D3","chlorella","3",396.234829015944,5.29239109416059,0.0777775088881082,0.000394731218620973,9.44981293124964e-06,0.999990550187069,0.000422394824357097,0.999577605175643,"Increased CC","Increased GR","Increased CC
Increased GR"
"200D3","monoraphidium","19",995.611299853474,37.706938141763,0.0132475814868182,0.000336145475498496,0.00106953065495031,0.99893046934505,0.992744787312566,0.00725521268743406,"Increased CC","Decreased GR","Increased CC
Decreased GR"
"201D3","monoraphidium","16",942.348951653536,13.7953439849283,0.0123447184959246,6.58150128168467e-05,0.0973199123329624,0.902680087667038,0.900631700776687,0.0993682992233126,"No Significant CC Change","No Significant GR Change","No Significant CC Change
No Significant GR Change"
"202D3","selenastrum","23",433.878353583066,17.3525790394118,0.0267771410635702,0.00135695376008357,0.954059569339793,0.0459404306602073,0.00287589007099216,0.997124109929008,"Decreased CC","Increased GR","Decreased CC
Increased GR"
"203D3","selenastrum","25",434.753193066896,37.0091400972481,0.0277915520667755,0.00496577066823834,0.470674761813357,0.529325238186643,0.190164218210894,0.809835781789106,"No Significant CC Change","No Significant GR Change","No Significant CC Change
No Significant GR Change"
"204D3","selenastrum","21",521.711207960506,10.1410462618868,0.0249104208596154,4.81328594130041e-05,0.00239354834225098,0.997606451657749,0.118436305681631,0.881563694318368,"Increased CC","No Significant GR Change","Increased CC
No Significant GR Change"
"205D3","selenastrum","21",413.21981629837,11.960990398807,0.024977988625803,0.00229214454584192,0.74227887209961,0.25772112790039,0.310493467024203,0.689506532975797,"No Significant CC Change","No Significant GR Change","No Significant CC Change
No Significant GR Change"
"206D3","selenastrum","25",518.393301253799,20.0613877791499,0.0213483486128812,0.000610175959472486,0.0109845454708426,0.989015454529157,0.791279642484713,0.208720357515287,"Increased CC","No Significant GR Change","Increased CC
No Significant GR Change"
"207D3","selenastrum","23",512.684912844952,16.1546485515393,0.0213723191532586,0.00118894604131757,0.864704255923665,0.135295744076335,0.0455311992532061,0.954468800746794,"No Significant CC Change","Increased GR","No Significant CC Change
Increased GR"
"208D3","selenastrum","24",473.362506782365,12.8004637421724,0.0270950953941172,0.00160934818763818,0.277429343384842,0.722570656615158,0.536797684298133,0.463202315701867,"No Significant CC Change","No Significant GR Change","No Significant CC Change
No Significant GR Change"
"209D3","selenastrum","22",381.476123886544,7.53248700091272,0.0285537231478909,0.00257921769463935,0.0255917903168164,0.974408209683184,0.646536945247873,0.353463054752127,"Increased CC","No Significant GR Change","Increased CC
No Significant GR Change"
"20D3","chlorella","4",198.861805508495,5.07293732910787,0.0729367532603902,0.00385427568569234,0.986208234958476,0.0137917650415239,0.0860195056179606,0.913980494382039,"Decreased CC","No Significant GR Change","Decreased CC
No Significant GR Change"
"20DF","chlorella","2",500.854372023067,36.6986739197694,0.0746542450787878,0.0140844357521099,0.00980091545164461,0.990199084548355,0.18428054067965,0.81571945932035,"Increased CC","No Significant GR Change","Increased CC
No Significant GR Change"
"210D3","selenastrum","22",477.118472740793,27.2327676081673,0.0220313931935963,0.00209461035051432,0.00598894321825373,0.994011056781746,0.977141004805206,0.0228589951947939,"Increased CC","Decreased GR","Increased CC
Decreased GR"
"211D3","selenastrum","23",487.168693824465,21.8879157766407,0.0196413783205746,0.00148062177691752,0.905543537289875,0.0944564627101249,0.165831944110604,0.834168055889396,"No Significant CC Change","No Significant GR Change","No Significant CC Change
No Significant GR Change"
"213D3","selenastrum","21",1065.20368741317,190.237296803027,0.0133067141116976,0.000661897164748434,0.038778707932643,0.961221292067357,0.999875829243277,0.000124170756722901,"Increased CC","Decreased GR","Increased CC
Decreased GR"
"214D3","selenastrum","23",458.715382746498,69.2820223094106,0.027583353239097,0.00708554157677807,0.905189267324352,0.0948107326756481,0.141990772886362,0.858009227113638,"No Significant CC Change","No Significant GR Change","No Significant CC Change
No Significant GR Change"
"215D3","selenastrum","24",512.51100529948,31.0027016326558,0.0168538576429419,0.000939058225235476,0.171973646436849,0.828026353563151,0.838424961308452,0.161575038691548,"No Significant CC Change","No Significant GR Change","No Significant CC Change
No Significant GR Change"
"216D3","selenastrum","25",510.007446717016,46.8196588413301,0.0187781874662067,0.000920601294243814,0.115059749974591,0.884940250025409,0.983370196895623,0.0166298031043769,"No Significant CC Change","Decreased GR","No Significant CC Change
Decreased GR"
"217D3","selenastrum","22",435.556679498262,10.6758724486122,0.0299972121751914,0.00100239978097748,0.00233928316801198,0.997660716831988,0.479527709174212,0.520472290825788,"Increased CC","No Significant GR Change","Increased CC
No Significant GR Change"
"218D3","selenastrum","25",510.7256997542,11.3919101177662,0.021098362997133,0.000585849670522512,0.00104417152860139,0.998955828471399,0.850752496275734,0.149247503724266,"Increased CC","No Significant GR Change","Increased CC
No Significant GR Change"
"219D3","selenastrum","24",557.020948550636,12.015487003958,0.0199088798540082,0.000284277180981571,0.0925215303791136,0.907478469620886,0.773222629395761,0.226777370604239,"No Significant CC Change","No Significant GR Change","No Significant CC Change
No Significant GR Change"
"21D3","chlorella","4",463.926059749282,12.2364243083705,0.0758384312650489,0.0031366886843902,0.000598415210358057,0.999401584789642,0.0344196498201437,0.965580350179856,"Increased CC","Increased GR","Increased CC
Increased GR"
"21DF","chlorella","2",378.809489767845,8.32937256156302,0.0592317451425199,0.00204794762716929,0.000170508253212495,0.999829491746787,0.385665288183842,0.614334711816158,"Increased CC","No Significant GR Change","Increased CC
No Significant GR Change"
"220D3","selenastrum","23",706.983698470621,20.5716265965272,0.0149212076017829,0.000150971607045894,0.150843797877607,0.849156202122393,0.898337690232654,0.101662309767346,"No Significant CC Change","No Significant GR Change","No Significant CC Change
No Significant GR Change"
"221D3","selenastrum","23",589.712049311176,29.3697256556873,0.0159513291063887,0.000491183667728316,0.608739386314593,0.391260613685407,0.785897450110486,0.214102549889514,"No Significant CC Change","No Significant GR Change","No Significant CC Change
No Significant GR Change"
"222D3","selenastrum","24",3390.77906427341,2729.25977703557,0.0141880817404727,0.00121932363394389,0.195027427515765,0.804972572484235,0.879961387526086,0.120038612473914,"No Significant CC Change","No Significant GR Change","No Significant CC Change
No Significant GR Change"
"223D3","selenastrum","23",495.148538550175,8.39085991207832,0.0218126549550634,0.0008500392288839,0.894929708427926,0.105070291572074,0.0274150004282161,0.972584999571784,"No Significant CC Change","Increased GR","No Significant CC Change
Increased GR"
"225D3","selenastrum","24",451.601911598792,17.7100487866055,0.0282363677459018,0.00115891617753602,0.361482442713422,0.638517557286578,0.493050794708631,0.506949205291369,"No Significant CC Change","No Significant GR Change","No Significant CC Change
No Significant GR Change"
"226D3","selenastrum","23",507.820928513242,12.0320919155486,0.0177812499075767,0.000528118999645991,0.87422901101661,0.12577098898339,0.403692367851309,0.596307632148691,"No Significant CC Change","No Significant GR Change","No Significant CC Change
No Significant GR Change"
"228D3","selenastrum","25",5724.4540902769,5112.15606125145,0.0157596673031934,0.00082955472020423,0.204639982217715,0.795360017782285,0.999479841955556,0.000520158044443992,"No Significant CC Change","Decreased GR","No Significant CC Change
Decreased GR"
"22D3","chlorella","4",508.09946126959,25.5088645697605,0.0838722133866098,0.000843763009113236,0.00341506098948631,0.996584939010514,2.56771681075547e-05,0.999974322831892,"Increased CC","Increased GR","Increased CC
Increased GR"
"22DF","chlorella","2",371.786385944851,12.1421394496964,0.0705831367146728,0.00123542472373407,0.00131522930353092,0.998684770696469,0.000793211048695005,0.999206788951305,"Increased CC","Increased GR","Increased CC
Increased GR"
"230D3","selenastrum","22",186.604060037561,15.7602270762485,0.0165362968800726,0.00130608386109262,0.998895739428689,0.0011042605713105,0.998478287494908,0.00152171250509225,"Decreased CC","Decreased GR","Decreased CC
Decreased GR"
"231D3","selenastrum","24",389.116920614241,13.3826254319796,0.0435287103036613,0.00413541561142246,0.63586166324149,0.36413833675851,0.104295101873521,0.895704898126479,"No Significant CC Change","No Significant GR Change","No Significant CC Change
No Significant GR Change"
"232D3","selenastrum","23",453.915036952025,13.1119236425072,0.026973510889811,0.00140444025518611,0.940022418197971,0.0599775818020287,0.0028742758876862,0.997125724112314,"No Significant CC Change","Increased GR","No Significant CC Change
Increased GR"
"233D3","selenastrum","22",410.144140950206,3.78862977699558,0.0237971089834994,0.00107612833352575,0.00881347145083173,0.991186528549168,0.97423136847959,0.0257686315204103,"Increased CC","Decreased GR","Increased CC
Decreased GR"
"234D3","selenastrum","21",537.601262247855,44.4134768046208,0.021210755920938,0.00081092995328726,0.0588631671710007,0.941136832828999,0.948381230923168,0.0516187690768325,"No Significant CC Change","No Significant GR Change","No Significant CC Change
No Significant GR Change"
"235D3","selenastrum","24",532.714171094648,16.1623292842122,0.0244016858678555,0.00108445479463366,0.127426763185549,0.872573236814451,0.636622262130964,0.363377737869036,"No Significant CC Change","No Significant GR Change","No Significant CC Change
No Significant GR Change"
"236D3","selenastrum","22",429.87549641926,12.2138963322332,0.0278933619528262,0.00151934849932787,0.00294872091117395,0.997051279088826,0.765260807912876,0.234739192087124,"Increased CC","No Significant GR Change","Increased CC
No Significant GR Change"
"237D3","selenastrum","22",320.487426807945,4.42471507642609,0.0432145888059524,0.00200458453828409,0.613194835205619,0.386805164794381,0.00297633989643318,0.997023660103567,"No Significant CC Change","Increased GR","No Significant CC Change
Increased GR"
"238D3","selenastrum","23",542.114276258295,74.1378371330935,0.0184771779481872,0.00252627509308033,0.73564218220372,0.26435781779628,0.363706249443544,0.636293750556456,"No Significant CC Change","No Significant GR Change","No Significant CC Change
No Significant GR Change"
"239D3","selenastrum","24",533.598439201642,3.64425512308793,0.0189047720445397,0.000490322634098305,0.125394231869223,0.874605768130777,0.797015528568121,0.202984471431879,"No Significant CC Change","No Significant GR Change","No Significant CC Change
No Significant GR Change"
"23D3","chlorella","4",352.118724320977,134.851288031001,0.0738773100792451,0.0136580138660241,0.215665269901452,0.784334730098548,0.290958315023041,0.709041684976959,"No Significant CC Change","No Significant GR Change","No Significant CC Change
No Significant GR Change"
"240D3","selenastrum","23",422.799327177019,7.4504285875339,0.0293738152185462,0.00174756798538965,0.958820945953197,0.0411790540468031,0.00242473190341927,0.997575268096581,"Decreased CC","Increased GR","Decreased CC
Increased GR"
"241D3","selenastrum","24",425.310728731264,48.5880779726566,0.023073892588111,0.00327968350408274,0.478284037626325,0.521715962373675,0.676139182484009,0.323860817515991,"No Significant CC Change","No Significant GR Change","No Significant CC Change
No Significant GR Change"
"243D3","selenastrum","21",448.799429567911,2.42190572255406,0.0191118180426542,0.00092824050099189,0.135366582199121,0.864633417800879,0.990478475982652,0.00952152401734782,"No Significant CC Change","Decreased GR","No Significant CC Change
Decreased GR"
"244D3","selenastrum","22",433.710347898278,3.60501460262714,0.024466898034856,0.000549505275535095,0.00430366526387854,0.995696334736121,0.964206742888643,0.0357932571113573,"Increased CC","Decreased GR","Increased CC
Decreased GR"
"245D3","selenastrum","24",477.968192137903,15.5704253613349,0.0194925816080205,0.000533180607166143,0.262386925199212,0.737613074800788,0.783311424489852,0.216688575510148,"No Significant CC Change","No Significant GR Change","No Significant CC Change
No Significant GR Change"
"246D3","selenastrum","23",70.4819217122436,3.02460457626561,0.0166845027421945,0.00159354280844614,0.997367854814574,0.00263214518542634,0.614905536971301,0.385094463028699,"Decreased CC","No Significant GR Change","Decreased CC
No Significant GR Change"
"247D3","selenastrum","24",498.338328356059,31.7891467091098,0.0186967468379858,0.000670510125594167,0.207866221486395,0.792133778513605,0.80157463135368,0.19842536864632,"No Significant CC Change","No Significant GR Change","No Significant CC Change
No Significant GR Change"
"248D3","selenastrum","21",365.330249977294,11.8171960731988,0.0272238516565332,0.00184285068340707,0.986560728997102,0.0134392710028978,0.0886357480412136,0.911364251958786,"Decreased CC","No Significant GR Change","Decreased CC
No Significant GR Change"
"24D3","chlorella","4",426.510198020513,16.9181709154432,0.066951364499041,0.00258883009152218,0.00246357446459039,0.99753642553541,0.265078138053968,0.734921861946032,"Increased CC","No Significant GR Change","Increased CC
No Significant GR Change"
"24DF","chlorella","2",281.093594159837,7.17839946738987,0.0625096745981183,0.00234810666558567,0.209291572289868,0.790708427710132,0.113324271396818,0.886675728603182,"No Significant CC Change","No Significant GR Change","No Significant CC Change
No Significant GR Change"
"25,1DF","chlorella","2",264.084342784487,6.03043171693509,0.0601256358806908,0.00110444352448954,0.722521066670889,0.277478933329111,0.205245382052516,0.794754617947484,"No Significant CC Change","No Significant GR Change","No Significant CC Change
No Significant GR Change"
"250D3","selenastrum","25",478.195548002974,5.93735629739049,0.0206697498060151,0.000352865110363903,0.00534446535340891,0.994655534646591,0.939782012178077,0.0602179878219231,"Increased CC","No Significant GR Change","Increased CC
No Significant GR Change"
"25D3","chlorella","4",460.977715380256,26.9076864964972,0.0577687752898059,0.0117139041725279,0.00555927692864229,0.994440723071358,0.699581059772681,0.300418940227319,"Increased CC","No Significant GR Change","Increased CC
No Significant GR Change"
"25DF","chlorella","2",552.158254473343,10.1732859785041,0.028022294078543,0.0005837793808708,6.01146675096548e-06,0.999993988533249,0.999966847255998,3.31527440020526e-05,"Increased CC","Decreased GR","Increased CC
Decreased GR"
"26D3","chlorella","4",197.668586131318,3.61059253626818,0.046188469507724,0.00134606655269576,0.996122284349487,0.00387771565051311,0.999375059194612,0.000624940805388305,"Decreased CC","Decreased GR","Decreased CC
Decreased GR"
"26DF","chlorella","2",296.162103024038,7.6227854817922,0.0612348456723818,0.0052271337215951,0.0428151118629213,0.957184888137079,0.325968002497621,0.674031997502379,"Increased CC","No Significant GR Change","Increased CC
No Significant GR Change"
"27D3","chlorella","4",438.446359977564,13.5731068497075,0.0821585820733385,0.00175222170272285,0.00111724872835721,0.998882751271643,0.00256665648933344,0.997433343510667,"Increased CC","Increased GR","Increased CC
Increased GR"
"27DF","chlorella","2",210.899271352004,3.97825727794962,0.0579468308281227,0.00456312808217973,0.998256057640082,0.00174394235991813,0.536862011755169,0.463137988244831,"Decreased CC","No Significant GR Change","Decreased CC
No Significant GR Change"
"28D3","chlorella","4",651.932396761799,60.9898179305182,0.0535147258501063,0.0150840845964071,0.00953793712761339,0.990462062872387,0.736739876302399,0.263260123697601,"Increased CC","No Significant GR Change","Increased CC
No Significant GR Change"
"28DF","chlorella","2",-2272.94909825253,2472.60233681,17.2651775486425,17.1838183684969,0.794144856230878,0.205855143769122,0.211068341814812,0.788931658185189,"No Significant CC Change","No Significant GR Change","No Significant CC Change
No Significant GR Change"
"29D3","chlorella","4",237.319557617712,8.80404570048262,0.0436955822843065,0.000380881299422967,0.0909310225180497,0.90906897748195,0.999998898497899,1.10150210136421e-06,"No Significant CC Change","Decreased GR","No Significant CC Change
Decreased GR"
"29DF","chlorella","2",582.776909048733,2.65414514020544,0.0880082584048641,0.000808704308207588,8.26925492665443e-06,0.999991730745073,1.63478741530939e-05,0.999983652125847,"Increased CC","Increased GR","Increased CC
Increased GR"
"2DF","chlorella","1",380.814675987158,14.2206487170108,0.0741089024133708,0.00188383915155047,0.00116640245230647,0.998833597547694,0.000184992529054288,0.999815007470946,"Increased CC","Increased GR","Increased CC
Increased GR"
"30,1DF","chlorella","2",822.105178972022,135.575321423079,0.0163746106798952,0.000781843435545655,0.0274631069428376,0.972536893057163,0.99999610154831,3.89845169020965e-06,"Increased CC","Decreased GR","Increased CC
Decreased GR"
"30D3","chlorella","4",191.983317840719,4.2340415286029,0.0718037985009424,0.000834401246666728,0.997293340401378,0.00270665959862186,0.00133663511989358,0.998663364880106,"Decreased CC","Increased GR","Decreased CC
Increased GR"
"31D3","chlorella","4",494.209917689178,6.52449985837899,0.0466665093409625,0.00377981192808576,1.10367776416471e-05,0.999988963222358,0.981600218570476,0.0183997814295237,"Increased CC","Decreased GR","Increased CC
Decreased GR"
"31DF","chlorella","2",526.100587770445,73.9125371939901,0.0199832175560967,0.00136728803704984,0.0362832023044707,0.963716797695529,0.999995770200697,4.22979930255215e-06,"Increased CC","Decreased GR","Increased CC
Decreased GR"
"32DF","chlorella","3",396.929085369638,14.7872336674002,0.0487969357563173,0.00108653567414983,0.00282570319585013,0.99717429680415,0.972119132421431,0.0278808675785695,"Increased CC","Decreased GR","Increased CC
Decreased GR"
"33D3","chlorella","4",441.904882888412,68.6199857893534,0.0950155195270407,0.00252961897111813,0.041768501971898,0.958231498028102,0.00236638983048928,0.997633610169511,"Increased CC","Increased GR","Increased CC
Increased GR"
"33DF","chlorella","3",262.066293617491,4.60559426252638,0.0340468815680935,0.00201860911399693,0.00525734726642566,0.994742652733574,0.999510809795308,0.000489190204692411,"Increased CC","Decreased GR","Increased CC
Decreased GR"
"34,1D3","chlorella","4",191.131251800691,6.61968468468238,0.0576328121584608,0.00534764960567842,0.986408235472245,0.0135917645277546,0.84882926780632,0.15117073219368,"Decreased CC","No Significant GR Change","Decreased CC
No Significant GR Change"
"34D3","chlorella","4",387.698458956842,3.65834286823701,0.0635263225947803,0.0032322284960896,4.08450593508923e-07,0.999999591549406,0.650727030761225,0.349272969238775,"Increased CC","No Significant GR Change","Increased CC
No Significant GR Change"
"34DF","chlorella","3",292.716154034272,15.7927339639281,0.0424385111335018,0.00368497052396752,0.0313509268936737,0.968649073106326,0.969264853682944,0.0307351463170555,"Increased CC","Decreased GR","Increased CC
Decreased GR"
"35D3","chlorella","4",354.544942571087,7.85487283045489,0.0575419393685819,0.00157535371520912,0.000358992607866627,0.999641007392133,0.985986929854147,0.0140130701458527,"Increased CC","Decreased GR","Increased CC
Decreased GR"
"35DF","coelastrum","6",478.072984171657,12.0569063660215,0.0335469383963016,0.00199973016014124,0.616471703919961,0.383528296080039,0.275785713326498,0.724214286673502,"No Significant CC Change","No Significant GR Change","No Significant CC Change
No Significant GR Change"
"36,1D3","chlorella","5",422.035123610922,10.5238623613218,0.0589671522370038,0.00298174141790433,0.000413799373097461,0.999586200626903,0.0364595443106264,0.963540455689374,"Increased CC","Increased GR","Increased CC
Increased GR"
"36D3","chlorella","5",-6216.69023071751,536.037918131943,0.0975605957717398,0.00556891955132025,0.99656140377651,0.00343859622348999,0.0045905021394246,0.995409497860575,"Decreased CC","Increased GR","Decreased CC
Increased GR"
"37DF","coelastrum","6",496.618226255521,10.63296659999,0.0351455795048668,0.00156213383096255,0.214567634876227,0.785432365123773,0.0902915286508524,0.909708471349148,"No Significant CC Change","No Significant GR Change","No Significant CC Change
No Significant GR Change"
"38D3","chlorella","5",275.011452526328,75.1677219919682,0.0425340615982849,0.00562488589255481,0.24717851091322,0.75282148908678,0.846184384220844,0.153815615779156,"No Significant CC Change","No Significant GR Change","No Significant CC Change
No Significant GR Change"
"38DF","coelastrum","6",591.40078774448,26.8997648151545,0.0298156455986272,0.00131327000173732,0.0202204437983083,0.979779556201692,0.891793977810376,0.108206022189624,"Increased CC","No Significant GR Change","Increased CC
No Significant GR Change"
"39D3","chlorella","5",562.798208208323,13.9113975377388,0.0395459562899983,0.00144097154703871,0.000387240309996774,0.999612759690003,0.999555932086951,0.000444067913049218,"Increased CC","Decreased GR","Increased CC
Decreased GR"
"3D3","chlorella","3",512.587829506524,12.9916145271644,0.0636663878994916,0.00230897491662464,0.000528161506837861,0.999471838493162,0.0165292836190545,0.983470716380946,"Increased CC","Increased GR","Increased CC
Increased GR"
"3DF","chlorella","1",445.763759585258,13.3355204297919,0.0767525528322124,0.000837650502425597,0.000289921263749151,0.999710078736251,0.000203020640384989,0.999796979359615,"Increased CC","Increased GR","Increased CC
Increased GR"
"4,1D3","chlorella","3",233.68093707695,6.09933509351649,0.0389375225533511,0.000723911239338924,0.629649357068365,0.370350642931635,0.999006162349869,0.000993837650131098,"No Significant CC Change","Decreased GR","No Significant CC Change
Decreased GR"
"40,1DF","coelastrum","7",507.137592885888,22.9525906057858,0.0268664701629305,0.0012868463929722,0.483662061191077,0.516337938808923,0.863775879501222,0.136224120498778,"No Significant CC Change","No Significant GR Change","No Significant CC Change
No Significant GR Change"
"40D3","chlorella","5",403.69982751281,18.6545508309555,0.0647111138260147,0.00243559530638473,0.00369121401279464,0.996308785987205,0.00385117021222958,0.99614882978777,"Increased CC","Increased GR","Increased CC
Increased GR"
"40DF","coelastrum","6",464.380612557417,30.3572469406709,0.0317178240984506,0.00142965927878004,0.696356469877837,0.303643530122163,0.589219707444349,0.41078029255565,"No Significant CC Change","No Significant GR Change","No Significant CC Change
No Significant GR Change"
"41DF","coelastrum","7",498.294005044096,7.98075840475247,0.0325507901970642,0.000659698083208429,0.644002305139401,0.355997694860599,0.198737082280325,0.801262917719675,"No Significant CC Change","No Significant GR Change","No Significant CC Change
No Significant GR Change"
"42D3","chlorella","5",296.89341388116,1.78314638489031,0.0526719950217321,0.00266051077569172,6.18471312199607e-17,1,0.230055142952012,0.769944857047988,"Increased CC","No Significant GR Change","Increased CC
No Significant GR Change"
"42DF","coelastrum","6",497.406909965109,5.59002454883422,0.0360751739624081,0.000556797209092372,0.160284494118441,0.839715505881559,0.00257292993808517,0.997427070061915,"No Significant CC Change","Increased GR","No Significant CC Change
Increased GR"
"43DF","coelastrum","7",520.009088771522,11.5055425784934,0.0307608242659005,0.0019871176028476,0.26503520201956,0.73496479798044,0.431968146625005,0.568031853374995,"No Significant CC Change","No Significant GR Change","No Significant CC Change
No Significant GR Change"
"44D3","chlorella","5",480.322656517508,25.4949125773208,0.344315651260409,0.255226080406627,0.00392234781642791,0.996077652183572,0.184106823727604,0.815893176272396,"Increased CC","No Significant GR Change","Increased CC
No Significant GR Change"
"45,1DF","coelastrum","8",543.42850090901,15.7534760009437,0.0257375492646032,0.000335569135007651,0.0255481135735564,0.974451886426444,0.565309559387826,0.434690440612174,"Increased CC","No Significant GR Change","Increased CC
No Significant GR Change"
"45,2DF","coelastrum","8",476.731172698784,6.89162598663293,0.0328667973632195,6.32944096111728e-05,0.782580515213496,0.217419484786504,0.0204570579122975,0.979542942087702,"No Significant CC Change","Increased GR","No Significant CC Change
Increased GR"
"45D3","chlorella","5",559.870892005536,23.7415157170317,0.065398691635849,0.000868305768763295,0.00192711560869866,0.998072884391301,1.88268560638507e-08,0.999999981173144,"Increased CC","Increased GR","Increased CC
Increased GR"
"45DF","coelastrum","7",570.550320160416,23.3434634112141,0.0333128514126108,0.00115120199450492,0.0451673457082187,0.954832654291781,0.14795465877319,0.85204534122681,"Increased CC","No Significant GR Change","Increased CC
No Significant GR Change"
"46D3","chlorella","5",606.980608884863,43.563993840107,0.0453096604385515,0.010479533685563,0.00575377039882946,0.99424622960117,0.653849077251509,0.346150922748491,"Increased CC","No Significant GR Change","Increased CC
No Significant GR Change"
"47DF","coelastrum","6",495.659405128377,8.46499226126692,0.0334437247468212,0.0011291413375291,0.209986075470987,0.790013924529013,0.185253182015313,0.814746817984687,"No Significant CC Change","No Significant GR Change","No Significant CC Change
No Significant GR Change"
"48DF","coelastrum","6",522.055629221327,8.70309647711681,0.0311237607277082,0.000877189760769225,0.0209078527162237,0.979092147283776,0.792585046115045,0.207414953884955,"Increased CC","No Significant GR Change","Increased CC
No Significant GR Change"
"49DF","coelastrum","8",494.431432958725,10.4762778124336,0.0330478120972161,0.00233718202411864,0.227985417351623,0.772014582648377,0.0396722432354856,0.960327756764514,"No Significant CC Change","Increased GR","No Significant CC Change
Increased GR"
"4D3","chlorella","3",247.593997539549,41.1433494893139,0.0405852889882205,0.00222454174630827,0.404624400676766,0.595375599323234,0.996429113367925,0.00357088663207521,"No Significant CC Change","Decreased GR","No Significant CC Change
Decreased GR"
"4DF","chlorella","1",429.816264495061,13.6835636794298,0.0603132124631734,0.00134583678428214,0.000423702744936478,0.999576297255063,0.00480344456444316,0.995196555435557,"Increased CC","Increased GR","Increased CC
Increased GR"
"50DF","coelastrum","6",532.220102892367,14.25189236936,0.0311648860693484,0.00137590809537779,0.0259002521217569,0.974099747878243,0.709776154076242,0.290223845923758,"Increased CC","No Significant GR Change","Increased CC
No Significant GR Change"
"51D3","coelastrum","7",502.415314760654,9.75322306162195,0.0330785328654178,0.000649670474964739,0.565120710024874,0.434879289975126,0.156073431629877,0.843926568370123,"No Significant CC Change","No Significant GR Change","No Significant CC Change
No Significant GR Change"
"51DF","coelastrum","7",549.559361554071,18.4286340277487,0.02895482434587,0.00118105119178757,0.0748759365858763,0.925124063414124,0.671919865018265,0.328080134981735,"No Significant CC Change","No Significant GR Change","No Significant CC Change
No Significant GR Change"
"52,1DF","coelastrum","6",528.738544966573,17.4090842453818,0.0281857814530387,0.00213717020847862,0.050416130734738,0.949583869265262,0.899124105648359,0.100875894351641,"No Significant CC Change","No Significant GR Change","No Significant CC Change
No Significant GR Change"
"52,2DF","coelastrum","7",555.103129155841,9.74122431123361,0.0298695875363575,0.00209153691587913,0.0311825775698615,0.968817422430138,0.54069334739716,0.45930665260284,"Increased CC","No Significant GR Change","Increased CC
No Significant GR Change"
"52D3","coelastrum","8",570.163676524002,35.3112708442004,0.023884709080617,0.00116536127322439,0.0662314218252513,0.933768578174749,0.809227678147943,0.190772321852057,"No Significant CC Change","No Significant GR Change","No Significant CC Change
No Significant GR Change"
"52DF","coelastrum","7",568.450287993023,8.44672738741078,0.0267705667771562,0.00166149491243219,0.0147985689365423,0.985201431063458,0.85712539387654,0.14287460612346,"Increased CC","No Significant GR Change","Increased CC
No Significant GR Change"
"53D3","coelastrum","8",482.250956159212,5.17301869241113,0.0311883541065987,0.000885608093973625,0.603730838681364,0.396269161318636,0.0379229437583942,0.962077056241606,"No Significant CC Change","Increased GR","No Significant CC Change
Increased GR"
"53DF","coelastrum","6",475.576396780012,11.2598320579908,0.034319461268289,0.000950547608003004,0.67449539469955,0.32550460530045,0.0649569395980318,0.935043060401968,"No Significant CC Change","No Significant GR Change","No Significant CC Change
No Significant GR Change"
"54,1D3","coelastrum","8",482.567109980029,14.304815581617,0.0295561491016023,0.00111588897390914,0.542299707002317,0.457700292997683,0.0958361332418501,0.90416386675815,"No Significant CC Change","No Significant GR Change","No Significant CC Change
No Significant GR Change"
"54D3","coelastrum","8",507.730301011838,5.11796820473912,0.0310947719677794,0.000169409179892784,0.0137979169242306,0.986202083075769,0.0418490111540595,0.958150988845941,"Increased CC","Increased GR","Increased CC
Increased GR"
"54DF","coelastrum","8",514.279103585267,10.8463295668584,0.0285795657944468,0.00031660204288193,0.0449646756799271,0.955035324320073,0.148034583646856,0.851965416353144,"Increased CC","No Significant GR Change","Increased CC
No Significant GR Change"
"55DF","coelastrum","7",511.736951781401,8.18400285325236,0.0319729617570868,0.00141552204120734,0.387893935002082,0.612106064997918,0.274465863402473,0.725534136597527,"No Significant CC Change","No Significant GR Change","No Significant CC Change
No Significant GR Change"
"56DF","coelastrum","6",495.188180479832,10.7747677986792,0.0361712261610658,0.000460653580230645,0.239967530625911,0.760032469374089,0.0016773961902477,0.998322603809752,"No Significant CC Change","Increased GR","No Significant CC Change
Increased GR"
"57DF","coelastrum","7",552.239103804608,5.34209148703295,0.0270545378701684,0.000879172708419036,0.0359153097968736,0.964084690203126,0.86034222813303,0.13965777186697,"Increased CC","No Significant GR Change","Increased CC
No Significant GR Change"
"58,2D3","coelastrum","8",513.527900061977,4.9182397012258,0.0341591810351094,0.000953174947240049,0.00560788629971628,0.994392113700284,0.00949753985556999,0.99050246014443,"Increased CC","Increased GR","Increased CC
Increased GR"
"58DF","coelastrum","6",459.549975606901,3.5147097838497,0.0327281288239967,0.00164947529986018,0.937969391245315,0.0620306087546846,0.375094380568415,0.624905619431585,"No Significant CC Change","No Significant GR Change","No Significant CC Change
No Significant GR Change"
"59D3","coelastrum","7",575.573310076186,26.80550648486,0.0262669103147322,0.00312003895453678,0.0509950764378592,0.949004923562141,0.81544391964928,0.18455608035072,"No Significant CC Change","No Significant GR Change","No Significant CC Change
No Significant GR Change"
"59DF","coelastrum","8",498.796224646901,1.37794257666704,0.0316262566317943,0.000552316362870462,0.0385839128850081,0.961416087114992,0.0312621847539683,0.968737815246032,"Increased CC","Increased GR","Increased CC
Increased GR"
"5D3","chlorella","3",186.39353621991,4.04769975911672,0.0436983021124539,0.00388199741902699,0.999797722431909,0.000202277568091039,0.954820235019495,0.0451797649805051,"Decreased CC","Decreased GR","Decreased CC
Decreased GR"
"5DF","chlorella","1",557.808127869207,11.9940340820788,0.105426261951185,0.0129990376398349,3.75552979665341e-05,0.999962444702033,0.0232161601870438,0.976783839812956,"Increased CC","Increased GR","Increased CC
Increased GR"
"60,1DF","coelastrum","8",503.65510308244,24.6877653102205,0.0267720513589542,0.00156387425344132,0.259471430938022,0.740528569061978,0.39876445249392,0.60123554750608,"No Significant CC Change","No Significant GR Change","No Significant CC Change
No Significant GR Change"
"60DF","coelastrum","8",547.644303562172,36.0959256163663,0.0283375763119069,0.00262874474904957,0.109776217428396,0.890223782571604,0.26565471991943,0.73434528008057,"No Significant CC Change","No Significant GR Change","No Significant CC Change
No Significant GR Change"
"61D3","coelastrum","7",508.533776267711,5.12524892681878,0.0368128409359147,0.00295474558156937,0.446018427244037,0.553981572755963,0.0756038600486989,0.924396139951301,"No Significant CC Change","No Significant GR Change","No Significant CC Change
No Significant GR Change"
"61DF","coelastrum","6",531.077483437614,16.357980768401,0.033262359334085,0.00123745399554333,0.0387530116787698,0.96124698832123,0.231974153013766,0.768025846986234,"Increased CC","No Significant GR Change","Increased CC
No Significant GR Change"
"62,1D3","coelastrum","7",619.342347682283,46.1922092056496,0.0299018336102712,0.00059807467956345,0.0598044609952358,0.940195539004764,0.546689901151336,0.453310098848664,"No Significant CC Change","No Significant GR Change","No Significant CC Change
No Significant GR Change"
"62,1DF","coelastrum","6",544.076446707054,11.0001511325619,0.0319931759495121,0.00178884439550192,0.00631347825320229,0.993686521746798,0.521147138297011,0.478852861702989,"Increased CC","No Significant GR Change","Increased CC
No Significant GR Change"
"62D3","coelastrum","8",515.015049013052,15.1711646515588,0.0316723855767003,0.00129002430630225,0.0851832702832809,0.914816729716719,0.03285014011963,0.96714985988037,"No Significant CC Change","Increased GR","No Significant CC Change
Increased GR"
"63D3","coelastrum","7",523.776740600583,20.3109572192448,0.0374304996510904,0.00299726270996905,0.268543127459026,0.731456872540974,0.0638375358033571,0.936162464196643,"No Significant CC Change","No Significant GR Change","No Significant CC Change
No Significant GR Change"
"63DF","coelastrum","7",540.98890094104,26.6552619307591,0.0264954599504521,0.000690575718727459,0.168990995841394,0.831009004158606,0.893674325494426,0.106325674505574,"No Significant CC Change","No Significant GR Change","No Significant CC Change
No Significant GR Change"
"64DF","scenedesmus","14",512.578964234993,3.58588441216574,0.0315680507347832,0.000248135700731464,0.996862471036607,0.00313752896339337,0.000378216595170812,0.999621783404829,"Decreased CC","Increased GR","Decreased CC
Increased GR"
"65,1D3","coelastrum","6",489.160251397297,9.01032366225486,0.033880576005973,0.00193708478140227,0.349900769259441,0.650099230740559,0.230265948666304,0.769734051333696,"No Significant CC Change","No Significant GR Change","No Significant CC Change
No Significant GR Change"
"65D3","coelastrum","6",496.37956879883,31.7465900140419,0.0303299889611846,0.00162617708539706,0.363805118500694,0.636194881499306,0.803140419228978,0.196859580771022,"No Significant CC Change","No Significant GR Change","No Significant CC Change
No Significant GR Change"
"65DF","scenedesmus","14",533.299188447496,14.1544217609887,0.0323085297113424,0.000506191877328677,0.996794499795167,0.00320550020483349,0.000293231289074128,0.999706768710926,"Decreased CC","Increased GR","Decreased CC
Increased GR"
"66DF","scenedesmus","14",555.23667843395,20.5699972838619,0.0323287274702971,0.000281536880603426,0.978362066244337,0.0216379337556629,0.000192716463175201,0.999807283536825,"Decreased CC","Increased GR","Decreased CC
Increased GR"
"67D3","coelastrum","7",556.485308112677,22.8443460232562,0.0370539181959443,0.00222539755610475,0.075796149719088,0.924203850280912,0.0443933348033497,0.95560666519665,"No Significant CC Change","Increased GR","No Significant CC Change
Increased GR"
"67DF","scenedesmus","14",609.920036165644,15.8037946874694,0.0302261062589854,0.000371341353718916,0.836879892120744,0.163120107879256,0.00058156760146557,0.999418432398534,"No Significant CC Change","Increased GR","No Significant CC Change
Increased GR"
"68D3","coelastrum","8",518.199681768137,15.3969164021865,0.0281250938503392,0.00073614208420633,0.0737220959488229,0.926277904051177,0.195167394524859,0.804832605475141,"No Significant CC Change","No Significant GR Change","No Significant CC Change
No Significant GR Change"
"69DF","scenedesmus","14",635.608667871261,22.1966120790943,0.0275718418191328,7.19679808160552e-05,0.452786500889242,0.547213499110758,0.0178794400882643,0.982120559911736,"No Significant CC Change","Increased GR","No Significant CC Change
Increased GR"
"6D3","chlorella","3",355.554653678712,6.95183648671875,0.0353422841204508,0.00169393096939009,0.000219425056086131,0.999780574943914,0.999650169499306,0.000349830500693582,"Increased CC","Decreased GR","Increased CC
Decreased GR"
"6DF","chlorella","1",482.170823439863,44.0150508720255,0.0644202434958907,0.00644431749085446,0.0128073138475672,0.987192686152433,0.0671968007077638,0.932803199292236,"Increased CC","No Significant GR Change","Increased CC
No Significant GR Change"
"70DF","scenedesmus","14",633.379357482598,27.3151428611324,0.0278247502123179,0.000645682451782258,0.487531645375942,0.512468354624058,0.0241507423593882,0.975849257640612,"No Significant CC Change","Increased GR","No Significant CC Change
Increased GR"
"71DF","scenedesmus","14",626.52162719364,26.8689936764348,0.0295661804284823,0.000763596910819439,0.571739748487918,0.428260251512082,0.00864898895708825,0.991351011042912,"No Significant CC Change","Increased GR","No Significant CC Change
Increased GR"
"72DF","scenedesmus","14",581.288956336092,9.88616502305331,0.0288669601527432,0.000202109952850272,0.983783928475041,0.0162160715249586,0.00314862899450476,0.996851371005495,"Decreased CC","Increased GR","Decreased CC
Increased GR"
"73DF","scenedesmus","14",587.094683680474,7.98522861724026,0.0280318586751735,0.00080529100417416,0.978604271285645,0.0213957287143553,0.0344308034731437,0.965569196526856,"Decreased CC","Increased GR","Decreased CC
Increased GR"
"74DF","scenedesmus","14",595.553803786532,7.81504701935741,0.0311500950715791,0.00129347444926479,0.963556911244632,0.036443088755368,0.0191437360617224,0.980856263938278,"Decreased CC","Increased GR","Decreased CC
Increased GR"
"75DF","scenedesmus","14",535.800150135081,22.694942787422,0.0309876531810296,7.44680071306168e-05,0.983953780584698,0.0160462194153016,0.00236426447320727,0.997635735526793,"Decreased CC","Increased GR","Decreased CC
Increased GR"
"76D3","coelastrum","7",556.03461878081,24.9279663264373,0.0338332196862276,0.00768539415181921,0.0889127690721421,0.911087230927858,0.344831343940256,0.655168656059744,"No Significant CC Change","No Significant GR Change","No Significant CC Change
No Significant GR Change"
"76DF","scenedesmus","14",647.636950789352,23.6075844719107,0.0307936852740104,0.000562324124681694,0.302551127951466,0.697448872048534,0.00112910792644885,0.998870892073551,"No Significant CC Change","Increased GR","No Significant CC Change
Increased GR"
"77D3","coelastrum","8",512.544483126094,13.9682479601683,0.0364050159946805,0.00266392669771265,0.0849697642395782,0.915030235760422,0.0179505356273978,0.982049464372602,"No Significant CC Change","Increased GR","No Significant CC Change
Increased GR"
"77DF","scenedesmus","14",618.452392217761,25.6582462925629,0.035335047651189,0.000596096959469901,0.670427158396261,0.329572841603739,0.000166381063974571,0.999833618936025,"No Significant CC Change","Increased GR","No Significant CC Change
Increased GR"
"78D3","coelastrum","8",482.368383524938,10.8252262572759,0.03160255918492,0.000856339069635535,0.559877921730293,0.440122078269707,0.0307302579163774,0.969269742083623,"No Significant CC Change","Increased GR","No Significant CC Change
Increased GR"
"78DF","scenedesmus","15",489.088397218645,33.1586282671358,0.0267970004595673,0.000895004344184504,0.154332078408721,0.845667921591279,0.942405763596785,0.0575942364032147,"No Significant CC Change","No Significant GR Change","No Significant CC Change
No Significant GR Change"
"79,1DF","scenedesmus","15",485.627652840395,20.7192592223118,0.0279755463453222,0.000383363517622805,0.154911062715985,0.845088937284015,0.933124834935317,0.0668751650646832,"No Significant CC Change","No Significant GR Change","No Significant CC Change
No Significant GR Change"
"79DF","scenedesmus","15",549.04698731461,17.7568036452852,0.0281335162080086,0.000151848118797856,0.143831832326548,0.856168167673452,0.931795056897254,0.0682049431027458,"No Significant CC Change","No Significant GR Change","No Significant CC Change
No Significant GR Change"
"7D3","chlorella","3",227.281266852782,8.26564095964261,0.0424832327937135,0.00160871503249802,0.799915924587132,0.200084075412868,0.997499641767928,0.00250035823207212,"No Significant CC Change","Decreased GR","No Significant CC Change
Decreased GR"
"7DF","chlorella","1",3500.38188518411,2168.0461674491,0.0168393245312389,0.00790956385670438,0.13497259003601,0.86502740996399,0.977290029166637,0.0227099708333632,"No Significant CC Change","Decreased GR","No Significant CC Change
Decreased GR"
"8,1D3","chlorella","3",295.362317318445,14.4209440347314,0.0617375780066021,0.00591703056897787,0.0232754284166545,0.976724571583345,0.170836801153034,0.829163198846966,"Increased CC","No Significant GR Change","Increased CC
No Significant GR Change"
"80D3","coelastrum","6",556.982911499296,31.9294211469247,0.0311233161644347,0.0041560388932426,0.0676344461217195,0.93236555387828,0.58182432289884,0.41817567710116,"No Significant CC Change","No Significant GR Change","No Significant CC Change
No Significant GR Change"
"80DF","scenedesmus","15",632.934113717639,12.4235524775808,0.0266356425224017,0.000140861632832534,0.130150949867981,0.869849050132019,0.943850174289595,0.0561498257104053,"No Significant CC Change","No Significant GR Change","No Significant CC Change
No Significant GR Change"
"81DF","scenedesmus","15",666.521252827922,13.06516876607,0.0269203369526852,0.000238923598689959,0.124981642376077,0.875018357623923,0.941709768063434,0.058290231936566,"No Significant CC Change","No Significant GR Change","No Significant CC Change
No Significant GR Change"
"82D3","coelastrum","7",457.586410894433,6.77250860141392,0.0314866616051437,0.000677582226175992,0.96814177018763,0.0318582298123696,0.315515500699555,0.684484499300445,"Decreased CC","No Significant GR Change","Decreased CC
No Significant GR Change"
"82DF","scenedesmus","15",604.771912321078,6.95125517737676,0.0269417554719363,0.000752819772006844,0.134612462572226,0.865387537427774,0.941383279585956,0.058616720414044,"No Significant CC Change","No Significant GR Change","No Significant CC Change
No Significant GR Change"
"83D3","coelastrum","8",581.271041446667,23.5074456759084,0.0245778584430702,0.0014256622511498,0.0237499040634066,0.976250095936593,0.719847768181216,0.280152231818784,"Increased CC","No Significant GR Change","Increased CC
No Significant GR Change"
"84D3","coelastrum","8",468.213374262522,7.99166514884622,0.0316606401225665,0.00057194284552077,0.91194929790544,0.0880507020945602,0.0306717287933637,0.969328271206636,"No Significant CC Change","Increased GR","No Significant CC Change
Increased GR"
"84DF","scenedesmus","15",578.284625585199,17.3450368597194,0.0271807293124002,0.000157325866691697,0.13894150990103,0.86105849009897,0.939708304333332,0.0602916956666684,"No Significant CC Change","No Significant GR Change","No Significant CC Change
No Significant GR Change"
"85DF","scenedesmus","15",581.823034264169,30.2759904765418,0.0260647665877992,0.00112833309718366,0.138395821289232,0.861604178710768,0.94753810816829,0.0524618918317103,"No Significant CC Change","No Significant GR Change","No Significant CC Change
No Significant GR Change"
"86D3","coelastrum","6",555.217283961817,20.1772981896336,0.0323002743370446,0.00082551054778973,0.0238353217780211,0.976164678221979,0.429173956081548,0.570826043918452,"Increased CC","No Significant GR Change","Increased CC
No Significant GR Change"
"86DF","scenedesmus","15",638.60789387004,36.0666977322718,0.0266405524148159,0.000325020431571774,0.12933230245207,0.87066769754793,0.943787777622772,0.0562122223772279,"No Significant CC Change","No Significant GR Change","No Significant CC Change
No Significant GR Change"
"87D3","scenedesmus","10",249.455259500398,26.1583167285123,0.0354378199173719,0.00132686639557556,0.109568498348949,0.890431501651051,0.0395385478268181,0.960461452173182,"No Significant CC Change","Increased GR","No Significant CC Change
Increased GR"
"87DF","scenedesmus","15",546.955628331813,32.932173392821,0.0268393602064021,0.000785445461149933,0.144233655090799,0.855766344909201,0.942145350302758,0.0578546496972423,"No Significant CC Change","No Significant GR Change","No Significant CC Change
No Significant GR Change"
"88D3","scenedesmus","10",283.866214302577,7.93847413799524,0.0315838837730798,0.000810615060857445,0.000664003430435743,0.999335996569564,0.401815582527342,0.598184417472658,"Increased CC","No Significant GR Change","Increased CC
No Significant GR Change"
"88DF","scenedesmus","15",564.979486386185,45.0840068996563,0.0260832643672115,0.000884908812253326,0.14125469365932,0.85874530634068,0.94755550899336,0.0524444910066395,"No Significant CC Change","No Significant GR Change","No Significant CC Change
No Significant GR Change"
"89D3","scenedesmus","12",404.861908277215,11.714512765626,0.0308371419484175,0.00100951726740785,0.233275639346382,0.766724360653618,0.00215333088301771,0.997846669116982,"No Significant CC Change","Increased GR","No Significant CC Change
Increased GR"
"89DF","scenedesmus","15",449.639679617307,30.8801334721921,0.0287269895336706,0.000803530640629841,0.161515275524173,0.838484724475827,0.926158927964776,0.073841072035224,"No Significant CC Change","No Significant GR Change","No Significant CC Change
No Significant GR Change"
"8D3","chlorella","3",257.074237041538,7.54036632782046,0.0423610839862991,0.000340761641155296,0.0449391836347567,0.955060816365243,0.996489066903333,0.00351093309666718,"Increased CC","Decreased GR","Increased CC
Decreased GR"
"8DF","chlorella","1",369.831992199331,15.4071765506679,0.0623594379429178,0.00230515932676127,0.00208485307837343,0.997915146921627,0.00556065144682583,0.994439348553174,"Increased CC","Increased GR","Increased CC
Increased GR"
"9,1DF","chlorella","1",358.002719467997,11.7888343161631,0.0612622057992769,0.00241316636237618,0.00069606916902243,0.999303930830978,0.008834169352578,0.991165830647422,"Increased CC","Increased GR","Increased CC
Increased GR"
"9,2DF","chlorella","1",212.998807721168,10.2333611803969,0.0563739686597323,0.00602074998622912,0.803340558330663,0.196659441669337,0.185974115525231,0.814025884474769,"No Significant CC Change","No Significant GR Change","No Significant CC Change
No Significant GR Change"
"90D3","scenedesmus","12",450.495536903899,18.9369759887519,0.0292183208349476,0.000784435185276555,0.0931553884802065,0.906844611519793,0.00135714084322585,0.998642859156774,"No Significant CC Change","Increased GR","No Significant CC Change
Increased GR"
"90DF","scenedesmus","15",591.995710487865,14.0441927437184,0.0275015609120604,0.000573804537538897,0.136688535401667,0.863311464598333,0.937038544613963,0.062961455386037,"No Significant CC Change","No Significant GR Change","No Significant CC Change
No Significant GR Change"
"91D3","scenedesmus","10",297.707672983929,1.50816752675912,0.0377064948289162,0.0014968041272931,0.00091770806231907,0.999082291937681,0.0134120435528524,0.986587956447148,"Increased CC","Increased GR","Increased CC
Increased GR"
"91DF","scenedesmus","15",530.152037264074,8.03537422874898,0.0271128604745055,0.00055523516912381,0.147048071456755,0.852951928543245,0.940146413084887,0.0598535869151132,"No Significant CC Change","No Significant GR Change","No Significant CC Change
No Significant GR Change"
"92D3","scenedesmus","10",259.526167569819,14.903601778774,0.0280775928407223,0.000466255107080423,0.0206819458796485,0.979318054120352,0.942843091019216,0.0571569089807844,"Increased CC","No Significant GR Change","Increased CC
No Significant GR Change"
"92DF","scenedesmus","15",488.537647007859,28.2719091118197,0.027832594300651,0.000282003977837822,0.1544120040231,0.8455879959769,0.934371128110432,0.0656288718895676,"No Significant CC Change","No Significant GR Change","No Significant CC Change
No Significant GR Change"
"93D3","scenedesmus","12",407.990639033814,8.06188648206105,0.0289266380453184,0.000246160480713664,0.217801987695792,0.782198012304208,0.000417093023805301,0.999582906976195,"No Significant CC Change","Increased GR","No Significant CC Change
Increased GR"
"93DF","scenedesmus","15",452.857417522083,24.9775265990462,0.0278725043641612,0.0003947922242454,0.160898302161536,0.839101697838464,0.934004941773517,0.0659950582264832,"No Significant CC Change","No Significant GR Change","No Significant CC Change
No Significant GR Change"
"94DF","monoraphidium","17",20414.1391411142,11197.5186642453,0.0094240124511693,0.00150763781468175,0.114890821074046,0.885109178925954,0.717149573214924,0.282850426785076,"No Significant CC Change","No Significant GR Change","No Significant CC Change
No Significant GR Change"
"95DF","monoraphidium","19",909.502943653314,66.0934946748723,0.0132998282816871,0.000764719073537377,0.021043577732255,0.978956422267745,0.993556568885137,0.00644343111486308,"Increased CC","Decreased GR","Increased CC
Decreased GR"
"96DF","monoraphidium","17",32297.8670733905,29239.7346143604,0.00963680032158525,0.000761093452590083,0.200082946100681,0.799917053899319,0.738525622321776,0.261474377678224,"No Significant CC Change","No Significant GR Change","No Significant CC Change
No Significant GR Change"
"97DF","monoraphidium","20",708.346080739062,72.0831841232092,0.0151090541024813,0.00242545905768916,0.459817064745796,0.540182935254204,0.509941292688531,0.490058707311469,"No Significant CC Change","No Significant GR Change","No Significant CC Change
No Significant GR Change"
"98D3","scenedesmus","10",333.319576881996,60.0595186080804,0.0334945565276942,0.00218464860590597,0.0808497931129019,0.919150206887098,0.21222829008254,0.78777170991746,"No Significant CC Change","No Significant GR Change","No Significant CC Change
No Significant GR Change"
"98DF","monoraphidium","17",2988.46179092973,252.560772628395,0.00986196442137579,6.77492720264544e-05,0.0098615488663588,0.990138451133641,0.712565997903466,0.287434002096534,"Increased CC","No Significant GR Change","Increased CC
No Significant GR Change"
"99D3","scenedesmus","12",422.873923717191,14.8046021421059,0.0290268189133395,0.00204431195235153,0.16289192159914,0.83710807840086,0.0418210178299059,0.958178982170094,"No Significant CC Change","Increased GR","No Significant CC Change
Increased GR"
"9D3","chlorella","3",224.39557285268,13.5458392754451,0.0425591352316589,0.00337721638450273,0.761420984870373,0.238579015129627,0.975276834460351,0.0247231655396486,"No Significant CC Change","Decreased GR","No Significant CC Change
Decreased GR"
"9DF","chlorella","1",296.567914440536,32.5608955562823,0.0493565064373564,0.00410735040213852,0.0767613133505951,0.923238686649405,0.507569389194293,0.492430610805707,"No Significant CC Change","No Significant GR Change","No Significant CC Change
No Significant GR Change"
